{"wavelengths": [300.0, 302.0, 304.0, 306.0, 308.0, 310.0, 312.0, 314.0, 316.0, 318.0, 320.0, 322.0, 324.0, 326.0, 328.0, 330.0, 332.0, 334.0, 336.0, 338.0, 340.0, 342.0, 344.0, 346.0, 348.0, 350.0, 352.0, 354.0, 356.0, 358.0, 360.0, 362.0, 364.0, 366.0, 368.0, 370.0, 372.0, 374.0, 376.0, 378.0, 380.0, 382.0, 384.0, 386.0, 388.0, 390.0, 392.0, 394.0, 396.0, 398.0, 400.0, 402.0, 404.0, 406.0, 408.0, 410.0, 412.0, 414.0, 416.0, 418.0, 420.0, 422.0, 424.0, 426.0, 428.0, 430.0, 432.0, 434.0, 436.0, 438.0, 440.0, 442.0, 444.0, 446.0, 448.0, 450.0, 452.0, 454.0, 456.0, 458.0, 460.0, 462.0, 464.0, 466.0, 468.0, 470.0, 472.0, 474.0, 476.0, 478.0, 480.0, 482.0, 484.0, 486.0, 488.0, 490.0, 492.0, 494.0, 496.0, 498.0, 500.0, 502.0, 504.0, 506.0, 508.0, 510.0, 512.0, 514.0, 516.0, 518.0, 520.0, 522.0, 524.0, 526.0, 528.0, 530.0, 532.0, 534.0, 536.0, 538.0, 540.0, 542.0, 544.0, 546.0, 548.0, 550.0, 552.0, 554.0, 556.0, 558.0, 560.0, 562.0, 564.0, 566.0, 568.0, 570.0, 572.0, 574.0, 576.0, 578.0, 580.0, 582.0, 584.0, 586.0, 588.0, 590.0, 592.0, 594.0, 596.0, 598.0, 600.0, 602.0, 604.0, 606.0, 608.0, 610.0, 612.0, 614.0, 616.0, 618.0, 620.0, 622.0, 624.0, 626.0, 628.0, 630.0, 632.0, 634.0, 636.0, 638.0, 640.0, 642.0, 644.0, 646.0, 648.0, 650.0, 652.0, 654.0, 656.0, 658.0, 660.0, 662.0, 664.0, 666.0, 668.0, 670.0, 672.0, 674.0, 676.0, 678.0, 680.0, 682.0, 684.0, 686.0, 688.0, 690.0, 692.0, 694.0, 696.0, 698.0, 700.0, 702.0, 704.0, 706.0, 708.0, 710.0, 712.0, 714.0, 716.0, 718.0, 720.0, 722.0, 724.0, 726.0, 728.0, 730.0, 732.0, 734.0, 736.0, 738.0, 740.0, 742.0, 744.0, 746.0, 748.0, 750.0, 752.0, 754.0, 756.0, 758.0, 760.0, 762.0, 764.0, 766.0, 768.0, 770.0, 772.0, 774.0, 776.0, 778.0, 780.0, 782.0, 784.0, 786.0, 788.0, 790.0, 792.0, 794.0, 796.0, 798.0, 800.0], "absoprtion": [0.000382, 0.000361, 0.000341, 0.000323, 0.000305, 0.000288, 0.000272, 0.000257, 0.000242, 0.000228, 0.000215, 0.000203, 0.000191, 0.00018, 0.00017, 0.00016, 0.000151, 0.000142, 0.000134, 0.000127, 0.000119, 0.000113, 0.000107, 0.000101, 9.6e-05, 9.1e-05, 8.6e-05, 8.2e-05, 7.8e-05, 7.5e-05, 7.1e-05, 6.9e-05, 6.6e-05, 6.4e-05, 6.2e-05, 6e-05, 5.8e-05, 5.7e-05, 5.6e-05, 5.5e-05, 5.4e-05, 5.4e-05, 5.3e-05, 5.3e-05, 5.3e-05, 5.4e-05, 5.4e-05, 5.4e-05, 5.5e-05, 5.6e-05, 5.8e-05, 5.9e-05, 6.1e-05, 6.3e-05, 6.5e-05, 6.7e-05, 6.9e-05, 7.2e-05, 7.4e-05, 7.6e-05, 7.9e-05, 8.2e-05, 8.4e-05, 8.7e-05, 8.9e-05, 9.2e-05, 9.4e-05, 9.7e-05, 9.9e-05, 0.000102, 0.000104, 0.000106, 0.000108, 0.00011, 0.000112, 0.000114, 0.000116, 0.000118, 0.00012, 0.000122, 0.000124, 0.000126, 0.000128, 0.00013, 0.000133, 0.000135, 0.000138, 0.000141, 0.000144, 0.000148, 0.000152, 0.000157, 0.000162, 0.000167, 0.000174, 0.000181, 0.000189, 0.000198, 0.000209, 0.000223, 0.000238, 0.000255, 0.000273, 0.000291, 0.00031, 0.000329, 0.000349, 0.000368, 0.000386, 0.000404, 0.000409, 0.000416, 0.000409, 0.000427, 0.000423, 0.000429, 0.000445, 0.000456, 0.00047, 0.00048, 0.000495, 0.000503, 0.000527, 0.000544, 0.000564, 0.000588, 0.000611, 0.000631, 0.000646, 0.000658, 0.000672, 0.000686, 0.000699, 0.000718, 0.000734, 0.000759, 0.000787, 0.000819, 0.000858, 0.000896, 0.000952, 0.001, 0.001079, 0.001159, 0.001253, 0.001356, 0.001459, 0.001567, 0.0017, 0.00186, 0.002224, 0.002366, 0.002448, 0.002587, 0.002653, 0.002691, 0.002715, 0.00274, 0.002764, 0.002785, 0.00281, 0.002839, 0.002868, 0.002893, 0.002922, 0.002955, 0.002988, 0.003011, 0.003038, 0.003076, 0.003111, 0.003144, 0.003181, 0.003223, 0.003263, 0.003315, 0.003362, 0.003423, 0.003508, 0.003636, 0.003791, 0.003931, 0.004019, 0.004072, 0.004098, 0.004122, 0.00415, 0.004173, 0.004223, 0.00427, 0.004318, 0.004381, 0.004458, 0.004545, 0.004646, 0.00476, 0.004903, 0.005071, 0.005244, 0.00547, 0.005722, 0.005995, 0.006303, 0.006628, 0.006993, 0.007415, 0.007893, 0.008445, 0.009109, 0.009871, 0.010724, 0.011679, 0.012684, 0.013719, 0.01487, 0.016211, 0.017872, 0.019917, 0.022074, 0.023942, 0.025319, 0.026231, 0.026723, 0.027021, 0.027216, 0.027334, 0.027413, 0.027478, 0.027542, 0.027628, 0.02771, 0.027733, 0.027742, 0.027701, 0.02761, 0.027542, 0.027482, 0.027305, 0.027097, 0.026896, 0.02659, 0.026332, 0.026062, 0.025702, 0.025335, 0.024924, 0.024481, 0.024083, 0.023742, 0.023332, 0.022932], "xfmt": "nm", "yfmt": "1/cm", "source": "H. Buiteveld and J. M. H. Hakvoort and M. Donze, \"The optical propertiesof pure water,\" in SPIE Proceedings on Ocean Optics XII, edited by J. S.Jaffe, 2258, 174--183, (1994).\n", "name": "H. Buiteveld et al. (1994)"}