{"wavelengths": [382.5, 385.0, 387.5, 390.0, 392.5, 395.0, 397.5, 400.0, 402.5, 405.0, 407.5, 410.0, 412.5, 415.0, 417.5, 420.0, 422.5, 425.0, 427.5, 430.0, 432.5, 435.0, 437.5, 440.0, 442.5, 445.0, 447.5, 450.0, 452.5, 455.0, 457.5, 460.0, 462.5, 465.0, 467.5, 470.0, 472.5, 475.0, 477.5, 480.0, 482.5, 485.0, 487.5, 490.0, 492.5, 495.0, 497.5, 500.0, 502.5, 505.0, 507.5, 510.0, 512.5, 515.0, 517.5, 520.0, 522.5, 525.0, 527.5, 530.0, 532.5, 535.0, 537.5, 540.0, 542.5, 545.0, 547.5, 550.0, 552.5, 555.0, 557.5, 560.0, 562.5, 565.0, 567.5, 570.0, 572.5, 575.0, 577.5, 580.0, 582.5, 585.0, 587.5, 590.0, 592.5, 595.0, 597.5, 600.0, 602.5, 605.0, 607.5, 610.0, 612.5, 615.0, 617.5, 620.0, 622.5, 625.0, 627.5, 630.0, 632.5, 635.0, 637.5, 640.0, 642.5, 645.0, 647.5, 650.0, 652.5, 655.0, 657.5, 660.0, 662.5, 665.0, 667.5, 670.0, 672.5, 675.0, 677.5, 680.0, 682.5, 685.0, 687.5, 690.0, 692.5, 695.0, 697.5, 700.0, 702.5, 705.0, 707.5, 710.0, 712.5, 715.0, 717.5, 720.0, 722.5, 725.0, 727.5, 730.0, 732.5, 735.0, 737.5, 740.0, 742.5, 745.0, 747.5, 750.0], "absoprtion": [0.000102, 9.5e-05, 9.1e-05, 8.7e-05, 8.4e-05, 8.1e-05, 8e-05, 7e-05, 6.5e-05, 6e-05, 5.9e-05, 5.6e-05, 5.4e-05, 5.2e-05, 5.1e-05, 5.4e-05, 5.7e-05, 6.1e-05, 6e-05, 6.4e-05, 6.3e-05, 6.9e-05, 7e-05, 8.3e-05, 8.6e-05, 9.5e-05, 9.8e-05, 0.00011, 0.000116, 0.00012, 0.000118, 0.000122, 0.000123, 0.000125, 0.000124, 0.00013, 0.000135, 0.000143, 0.000149, 0.000157, 0.00016, 0.000168, 0.000172, 0.000185, 0.000193, 0.000213, 0.000228, 0.000242, 0.000272, 0.0003, 0.000331, 0.000382, 0.000435, 0.000462, 0.000466, 0.000474, 0.000485, 0.000485, 0.000499, 0.000505, 0.000521, 0.000527, 0.000542, 0.000551, 0.000568, 0.000594, 0.000623, 0.000654, 0.000686, 0.00069, 0.000701, 0.000715, 0.00074, 0.000743, 0.000776, 0.000804, 0.000846, 0.00089, 0.000962, 0.001016, 0.001112, 0.001235, 0.001387, 0.001487, 0.001652, 0.001818, 0.002087, 0.002417, 0.002671, 0.002795, 0.002842, 0.002876, 0.002883, 0.002916, 0.002915, 0.003047, 0.003082, 0.003135, 0.003182, 0.003184, 0.003281, 0.003309, 0.003341, 0.003382, 0.003482, 0.003513, 0.003577, 0.003594, 0.003801, 0.003852, 0.004053, 0.004212, 0.004303, 0.004311, 0.004364, 0.004346, 0.004432, 0.00439, 0.004503, 0.004524, 0.00464, 0.00469, 0.00483, 0.004929, 0.00515, 0.005305, 0.005574, 0.005839, 0.006206, 0.006533, 0.006973, 0.007561, 0.008244, 0.009029, 0.009913, 0.0010745, 0.0011735, 0.0012788, 0.001429, 0.0016069, 0.0018259, 0.0019624, 0.0020379, 0.0021456, 0.0022231, 0.0021423, 0.0021642, 0.002195], "xfmt": "nm", "yfmt": "1/cm", "source": "R. M. Pope, \"Optical absorption of pure water and sea water using theintegrating cavity absorption meter,\" Texas A&M University, (1993).\n", "name": "R.M. Pope (1993)"}