{"wavelengths": [400.0, 402.0, 404.0, 406.0, 408.0, 410.0, 412.0, 414.0, 416.0, 418.0, 420.0, 422.0, 424.0, 426.0, 428.0, 430.0, 432.0, 434.0, 436.0, 438.0, 440.0, 442.0, 444.0, 446.0, 448.0, 450.0, 452.0, 454.0, 456.0, 458.0, 460.0, 462.0, 464.0, 466.0, 468.0, 470.0, 472.0, 474.0, 476.0, 478.0, 480.0, 482.0, 484.0, 486.0, 488.0, 490.0, 492.0, 494.0, 496.0, 498.0, 500.0, 502.0, 504.0, 506.0, 508.0, 510.0, 512.0, 514.0, 516.0, 518.0, 520.0, 522.0, 524.0, 526.0, 528.0, 530.0, 532.0, 534.0, 536.0, 538.0, 540.0, 542.0, 544.0, 546.0, 548.0, 550.0, 552.0, 554.0, 556.0, 558.0, 560.0, 562.0, 564.0, 566.0, 568.0, 570.0, 572.0, 574.0, 576.0, 578.0, 580.0, 582.0, 584.0, 586.0, 588.0, 590.0, 592.0, 594.0, 596.0, 598.0, 600.0, 602.0, 604.0, 606.0, 608.0, 610.0, 612.0, 614.0, 616.0, 618.0, 620.0, 622.0, 624.0, 626.0, 628.0, 630.0, 632.0, 634.0, 636.0, 638.0, 640.0, 642.0, 644.0, 646.0, 648.0, 650.0, 652.0, 654.0, 656.0, 658.0, 660.0, 662.0, 664.0, 666.0, 668.0, 670.0, 672.0, 674.0, 675.0, 676.0, 678.0, 680.0, 682.0, 684.0, 686.0, 688.0, 690.0, 692.0, 694.0, 696.0, 698.0, 700.0], "absoprtion": [0.000262, 0.000271, 0.00028, 0.00029, 0.000301, 0.000313, 0.000323, 0.000333, 0.000342, 0.000349, 0.000356, 0.000359, 0.000362, 0.000369, 0.000376, 0.000386, 0.000391, 0.000395, 0.000399, 0.000401, 0.000403, 0.000398, 0.00039, 0.000383, 0.000375, 0.000371, 0.000365, 0.000358, 0.000354, 0.000351, 0.00035, 0.000347, 0.000343, 0.000339, 0.000335, 0.000332, 0.000325, 0.000318, 0.000313, 0.000306, 0.000301, 0.000296, 0.00029, 0.000285, 0.000279, 0.000274, 0.000267, 0.000258, 0.000249, 0.00024, 0.00023, 0.00022, 0.000209, 0.000199, 0.000189, 0.00018, 0.000171, 0.000163, 0.000156, 0.000149, 0.000143, 0.000137, 0.000131, 0.000126, 0.000121, 0.000117, 0.000113, 0.000108, 0.000104, 0.0001, 9.7e-05, 9.3e-05, 9e-05, 8.6e-05, 8.3e-05, 8e-05, 7.6e-05, 7.2e-05, 6.8e-05, 6.5e-05, 6.2e-05, 5.9e-05, 5.7e-05, 5.5e-05, 5.4e-05, 5.3e-05, 5.3e-05, 5.2e-05, 5.2e-05, 5.2e-05, 5.3e-05, 5.4e-05, 5.5e-05, 5.5e-05, 5.6e-05, 5.6e-05, 5.7e-05, 5.6e-05, 5.6e-05, 5.5e-05, 5.4e-05, 5.4e-05, 5.5e-05, 5.5e-05, 5.6e-05, 5.7e-05, 5.9e-05, 6e-05, 6.2e-05, 6.3e-05, 6.5e-05, 6.6e-05, 6.7e-05, 6.8e-05, 6.9e-05, 7.1e-05, 7.3e-05, 7.4e-05, 7.5e-05, 7.6e-05, 7.7e-05, 7.8e-05, 7.9e-05, 8e-05, 8.1e-05, 8.3e-05, 8.5e-05, 8.9e-05, 9.5e-05, 0.000104, 0.000115, 0.000129, 0.000144, 0.000161, 0.000176, 0.000189, 0.000197, 0.000201, 0.000201, 0.0002, 0.000193, 0.000182, 0.000166, 0.000145, 0.000124, 0.000102, 8.3e-05, 6.7e-05, 5.4e-05, 4.4e-05, 3.6e-05, 3e-05], "xfmt": "nm", "yfmt": "1/cm", "source": "A. Bricaud and M. Babin and A. Morel and H. Claustre, \"Variability in the chlorophyll-specific absorption coefficients of natural phytoplankton: analysis and parameterization,\" Journal of GeophysicalResearch, 100, 13321-13332, (1995).\n", "name": "A. Bricaud et al. (1995)"}